emisja;miesiac;data_wyjscia;sposob;stopa_okresu;stopa_prognozowana;kupony_brutto;odsetki_w_wykupie;oplata;wyplata_brutto;podatek;zysk_netto;zysk_procent;irr_netto
COI0830;1;2026-09-03;wykup przedterminowy;4,75%;nie;0,00;0,40;0,40;100,00;0,00;0,00;0,00%;0,00%
COI0830;2;2026-10-03;wykup przedterminowy;4,75%;nie;0,00;0,79;0,79;100,00;0,00;0,00;0,00%;0,00%
COI0830;3;2026-11-03;wykup przedterminowy;4,75%;nie;0,00;1,20;1,20;100,00;0,00;0,00;0,00%;0,00%
COI0830;4;2026-12-03;wykup przedterminowy;4,75%;nie;0,00;1,59;1,59;100,00;0,00;0,00;0,00%;0,00%
COI0830;5;2027-01-03;wykup przedterminowy;4,75%;nie;0,00;1,99;1,99;100,00;0,00;0,00;0,00%;0,00%
COI0830;6;2027-02-03;wykup przedterminowy;4,75%;nie;0,00;2,39;2,00;100,39;0,08;0,31;0,31%;0,62%
COI0830;7;2027-03-03;wykup przedterminowy;4,75%;nie;0,00;2,76;2,00;100,76;0,15;0,61;0,61%;1,05%
COI0830;8;2027-04-03;wykup przedterminowy;4,75%;nie;0,00;3,16;2,00;101,16;0,23;0,93;0,93%;1,40%
COI0830;9;2027-05-03;wykup przedterminowy;4,75%;nie;0,00;3,55;2,00;101,55;0,30;1,25;1,25%;1,67%
COI0830;10;2027-06-03;wykup przedterminowy;4,75%;nie;0,00;3,96;2,00;101,96;0,38;1,58;1,58%;1,90%
COI0830;11;2027-07-03;wykup przedterminowy;4,75%;nie;0,00;4,35;2,00;102,35;0,45;1,90;1,90%;2,08%
COI0830;12;2027-08-03;wykup przedterminowy;4,75%;nie;0,00;4,75;2,00;102,75;0,53;2,22;2,22%;2,22%
COI0830;13;2027-09-03;wykup przedterminowy;4,00%;tak;4,75;0,34;2,00;103,09;0,91;2,18;2,18%;2,01%
COI0830;14;2027-10-03;wykup przedterminowy;4,00%;tak;4,75;0,67;2,00;103,42;0,91;2,51;2,51%;2,16%
COI0830;15;2027-11-03;wykup przedterminowy;4,00%;tak;4,75;1,01;2,00;103,76;0,91;2,85;2,85%;2,29%
COI0830;16;2027-12-03;wykup przedterminowy;4,00%;tak;4,75;1,33;2,00;104,08;0,91;3,17;3,17%;2,39%
COI0830;17;2028-01-03;wykup przedterminowy;4,00%;tak;4,75;1,67;2,00;104,42;0,91;3,51;3,51%;2,49%
COI0830;18;2028-02-03;wykup przedterminowy;4,00%;tak;4,75;2,01;2,00;104,76;0,92;3,84;3,84%;2,57%
COI0830;19;2028-03-03;wykup przedterminowy;4,00%;tak;4,75;2,33;2,00;105,08;0,98;4,10;4,10%;2,61%
COI0830;20;2028-04-03;wykup przedterminowy;4,00%;tak;4,75;2,67;2,00;105,42;1,04;4,38;4,38%;2,64%
COI0830;21;2028-05-03;wykup przedterminowy;4,00%;tak;4,75;2,99;2,00;105,74;1,10;4,64;4,64%;2,67%
COI0830;22;2028-06-03;wykup przedterminowy;4,00%;tak;4,75;3,33;2,00;106,08;1,17;4,91;4,91%;2,69%
COI0830;23;2028-07-03;wykup przedterminowy;4,00%;tak;4,75;3,66;2,00;106,41;1,23;5,18;5,18%;2,72%
COI0830;24;2028-08-03;wykup przedterminowy;4,00%;tak;4,75;4,00;2,00;106,75;1,29;5,46;5,46%;2,74%
COI0830;25;2028-09-03;wykup przedterminowy;4,00%;tak;8,75;0,34;2,00;107,09;1,67;5,42;5,42%;2,61%
COI0830;26;2028-10-03;wykup przedterminowy;4,00%;tak;8,75;0,67;2,00;107,42;1,67;5,75;5,75%;2,67%
COI0830;27;2028-11-03;wykup przedterminowy;4,00%;tak;8,75;1,01;2,00;107,76;1,67;6,09;6,09%;2,72%
COI0830;28;2028-12-03;wykup przedterminowy;4,00%;tak;8,75;1,34;2,00;108,09;1,67;6,42;6,42%;2,77%
COI0830;29;2029-01-03;wykup przedterminowy;4,00%;tak;8,75;1,68;2,00;108,43;1,67;6,76;6,76%;2,81%
COI0830;30;2029-02-03;wykup przedterminowy;4,00%;tak;8,75;2,02;2,00;108,77;1,68;7,09;7,09%;2,85%
COI0830;31;2029-03-03;wykup przedterminowy;4,00%;tak;8,75;2,32;2,00;109,07;1,74;7,33;7,33%;2,86%
COI0830;32;2029-04-03;wykup przedterminowy;4,00%;tak;8,75;2,66;2,00;109,41;1,80;7,61;7,61%;2,88%
COI0830;33;2029-05-03;wykup przedterminowy;4,00%;tak;8,75;2,99;2,00;109,74;1,86;7,88;7,88%;2,89%
COI0830;34;2029-06-03;wykup przedterminowy;4,00%;tak;8,75;3,33;2,00;110,08;1,93;8,15;8,15%;2,90%
COI0830;35;2029-07-03;wykup przedterminowy;4,00%;tak;8,75;3,66;2,00;110,41;1,99;8,42;8,42%;2,91%
COI0830;36;2029-08-03;wykup przedterminowy;4,00%;tak;8,75;4,00;2,00;110,75;2,05;8,70;8,70%;2,92%
COI0830;37;2029-09-03;wykup przedterminowy;4,00%;tak;12,75;0,34;2,00;111,09;2,43;8,66;8,66%;2,83%
COI0830;38;2029-10-03;wykup przedterminowy;4,00%;tak;12,75;0,67;2,00;111,42;2,43;8,99;8,99%;2,86%
COI0830;39;2029-11-03;wykup przedterminowy;4,00%;tak;12,75;1,01;2,00;111,76;2,43;9,33;9,33%;2,89%
COI0830;40;2029-12-03;wykup przedterminowy;4,00%;tak;12,75;1,34;2,00;112,09;2,43;9,66;9,66%;2,92%
COI0830;41;2030-01-03;wykup przedterminowy;4,00%;tak;12,75;1,68;2,00;112,43;2,43;10,00;10,00%;2,95%
COI0830;42;2030-02-03;wykup przedterminowy;4,00%;tak;12,75;2,02;2,00;112,77;2,44;10,33;10,33%;2,97%
COI0830;43;2030-03-03;wykup przedterminowy;4,00%;tak;12,75;2,32;2,00;113,07;2,50;10,57;10,57%;2,98%
COI0830;44;2030-04-03;wykup przedterminowy;4,00%;tak;12,75;2,66;2,00;113,41;2,56;10,85;10,85%;2,98%
COI0830;45;2030-05-03;wykup przedterminowy;4,00%;tak;12,75;2,99;2,00;113,74;2,62;11,12;11,12%;2,99%
COI0830;46;2030-06-03;wykup przedterminowy;4,00%;tak;12,75;3,33;2,00;114,08;2,69;11,39;11,39%;3,00%
COI0830;47;2030-07-03;wykup przedterminowy;4,00%;tak;12,75;3,66;2,00;114,41;2,75;11,66;11,66%;3,00%
COI0830;48;2030-08-03;wykup;4,00%;tak;12,75;4,00;0,00;116,75;3,19;13,56;13,56%;3,40%
COI0830;49;2030-09-03;nie istnieje;;;;;;;;;;
DOR0828;1;2026-09-03;wykup przedterminowy;4,15%;nie;0,00;0,35;0,35;100,00;0,00;0,00;0,00%;0,00%
DOR0828;2;2026-10-03;wykup przedterminowy;3,90%;nie;0,35;0,33;0,70;99,98;0,07;-0,09;-0,09%;-0,54%
DOR0828;3;2026-11-03;wykup przedterminowy;3,90%;tak;0,68;0,33;0,70;100,31;0,14;0,17;0,17%;0,68%
DOR0828;4;2026-12-03;wykup przedterminowy;3,90%;tak;1,01;0,33;0,70;100,64;0,21;0,43;0,43%;1,30%
DOR0828;5;2027-01-03;wykup przedterminowy;3,90%;tak;1,34;0,33;0,70;100,97;0,28;0,69;0,69%;1,66%
DOR0828;6;2027-02-03;wykup przedterminowy;3,90%;tak;1,67;0,33;0,70;101,30;0,35;0,95;0,95%;1,91%
DOR0828;7;2027-03-03;wykup przedterminowy;3,90%;tak;2,00;0,33;0,70;101,63;0,42;1,21;1,21%;2,11%
DOR0828;8;2027-04-03;wykup przedterminowy;3,90%;tak;2,33;0,33;0,70;101,96;0,49;1,47;1,47%;2,24%
DOR0828;9;2027-05-03;wykup przedterminowy;3,90%;tak;2,66;0,33;0,70;102,29;0,56;1,73;1,73%;2,34%
DOR0828;10;2027-06-03;wykup przedterminowy;3,90%;tak;2,99;0,33;0,70;102,62;0,63;1,99;1,99%;2,42%
DOR0828;11;2027-07-03;wykup przedterminowy;3,90%;tak;3,32;0,33;0,70;102,95;0,70;2,25;2,25%;2,49%
DOR0828;12;2027-08-03;wykup przedterminowy;3,90%;tak;3,65;0,33;0,70;103,28;0,77;2,51;2,51%;2,55%
DOR0828;13;2027-09-03;wykup przedterminowy;3,90%;tak;3,98;0,33;0,70;103,61;0,84;2,77;2,77%;2,59%
DOR0828;14;2027-10-03;wykup przedterminowy;3,90%;tak;4,31;0,33;0,70;103,94;0,91;3,03;3,03%;2,64%
DOR0828;15;2027-11-03;wykup przedterminowy;3,90%;tak;4,64;0,33;0,70;104,27;0,98;3,29;3,29%;2,67%
DOR0828;16;2027-12-03;wykup przedterminowy;3,90%;tak;4,97;0,33;0,70;104,60;1,05;3,55;3,55%;2,70%
DOR0828;17;2028-01-03;wykup przedterminowy;3,90%;tak;5,30;0,33;0,70;104,93;1,12;3,81;3,81%;2,73%
DOR0828;18;2028-02-03;wykup przedterminowy;3,90%;tak;5,63;0,33;0,70;105,26;1,19;4,07;4,07%;2,75%
DOR0828;19;2028-03-03;wykup przedterminowy;3,90%;tak;5,96;0,33;0,70;105,59;1,26;4,33;4,33%;2,78%
DOR0828;20;2028-04-03;wykup przedterminowy;3,90%;tak;6,29;0,33;0,70;105,92;1,33;4,59;4,59%;2,79%
DOR0828;21;2028-05-03;wykup przedterminowy;3,90%;tak;6,62;0,33;0,70;106,25;1,40;4,85;4,85%;2,81%
DOR0828;22;2028-06-03;wykup przedterminowy;3,90%;tak;6,95;0,33;0,70;106,58;1,47;5,11;5,11%;2,83%
DOR0828;23;2028-07-03;wykup przedterminowy;3,90%;tak;7,28;0,33;0,70;106,91;1,54;5,37;5,37%;2,85%
DOR0828;24;2028-08-03;wykup;3,90%;tak;7,61;0,33;0,00;107,94;1,68;6,26;6,26%;3,17%
DOR0828;25;2028-09-03;nie istnieje;;;;;;;;;;
EDO0836;1;2026-09-03;wykup przedterminowy;5,35%;nie;0,00;0,45;0,45;100,00;0,00;0,00;0,00%;0,00%
EDO0836;2;2026-10-03;wykup przedterminowy;5,35%;nie;0,00;0,89;0,89;100,00;0,00;0,00;0,00%;0,00%
EDO0836;3;2026-11-03;wykup przedterminowy;5,35%;nie;0,00;1,35;1,35;100,00;0,00;0,00;0,00%;0,00%
EDO0836;4;2026-12-03;wykup przedterminowy;5,35%;nie;0,00;1,79;1,79;100,00;0,00;0,00;0,00%;0,00%
EDO0836;5;2027-01-03;wykup przedterminowy;5,35%;nie;0,00;2,24;2,24;100,00;0,00;0,00;0,00%;0,00%
EDO0836;6;2027-02-03;wykup przedterminowy;5,35%;nie;0,00;2,70;2,70;100,00;0,00;0,00;0,00%;0,00%
EDO0836;7;2027-03-03;wykup przedterminowy;5,35%;nie;0,00;3,11;3,00;100,11;0,03;0,08;0,08%;0,14%
EDO0836;8;2027-04-03;wykup przedterminowy;5,35%;nie;0,00;3,56;3,00;100,56;0,11;0,45;0,45%;0,68%
EDO0836;9;2027-05-03;wykup przedterminowy;5,35%;nie;0,00;4,00;3,00;101,00;0,19;0,81;0,81%;1,08%
EDO0836;10;2027-06-03;wykup przedterminowy;5,35%;nie;0,00;4,46;3,00;101,46;0,28;1,18;1,18%;1,42%
EDO0836;11;2027-07-03;wykup przedterminowy;5,35%;nie;0,00;4,90;3,00;101,90;0,37;1,53;1,53%;1,67%
EDO0836;12;2027-08-03;wykup przedterminowy;5,35%;nie;0,00;5,35;3,00;102,35;0,45;1,90;1,90%;1,90%
EDO0836;13;2027-09-03;wykup przedterminowy;4,50%;tak;0,00;5,75;3,00;102,75;0,53;2,22;2,22%;2,04%
EDO0836;14;2027-10-03;wykup przedterminowy;4,50%;tak;0,00;6,14;3,00;103,14;0,60;2,54;2,54%;2,17%
EDO0836;15;2027-11-03;wykup przedterminowy;4,50%;tak;0,00;6,54;3,00;103,54;0,68;2,86;2,86%;2,28%
EDO0836;16;2027-12-03;wykup przedterminowy;4,50%;tak;0,00;6,93;3,00;103,93;0,75;3,18;3,18%;2,37%
EDO0836;17;2028-01-03;wykup przedterminowy;4,50%;tak;0,00;7,33;3,00;104,33;0,83;3,50;3,50%;2,45%
EDO0836;18;2028-02-03;wykup przedterminowy;4,50%;tak;0,00;7,73;3,00;104,73;0,90;3,83;3,83%;2,53%
EDO0836;19;2028-03-03;wykup przedterminowy;4,50%;tak;0,00;8,11;3,00;105,11;0,98;4,13;4,13%;2,59%
EDO0836;20;2028-04-03;wykup przedterminowy;4,50%;tak;0,00;8,51;3,00;105,51;1,05;4,46;4,46%;2,65%
EDO0836;21;2028-05-03;wykup przedterminowy;4,50%;tak;0,00;8,90;3,00;105,90;1,13;4,77;4,77%;2,70%
EDO0836;22;2028-06-03;wykup przedterminowy;4,50%;tak;0,00;9,30;3,00;106,30;1,20;5,10;5,10%;2,75%
EDO0836;23;2028-07-03;wykup przedterminowy;4,50%;tak;0,00;9,69;3,00;106,69;1,28;5,41;5,41%;2,79%
EDO0836;24;2028-08-03;wykup przedterminowy;4,50%;tak;0,00;10,09;3,00;107,09;1,35;5,74;5,74%;2,83%
EDO0836;25;2028-09-03;wykup przedterminowy;4,50%;tak;0,00;10,51;3,00;107,51;1,43;6,08;6,08%;2,87%
EDO0836;26;2028-10-03;wykup przedterminowy;4,50%;tak;0,00;10,92;3,00;107,92;1,51;6,41;6,41%;2,90%
EDO0836;27;2028-11-03;wykup przedterminowy;4,50%;tak;0,00;11,34;3,00;108,34;1,59;6,75;6,75%;2,94%
EDO0836;28;2028-12-03;wykup przedterminowy;4,50%;tak;0,00;11,75;3,00;108,75;1,67;7,08;7,08%;2,97%
EDO0836;29;2029-01-03;wykup przedterminowy;4,50%;tak;0,00;12,17;3,00;109,17;1,75;7,42;7,42%;3,00%
EDO0836;30;2029-02-03;wykup przedterminowy;4,50%;tak;0,00;12,59;3,00;109,59;1,83;7,76;7,76%;3,03%
EDO0836;31;2029-03-03;wykup przedterminowy;4,50%;tak;0,00;12,97;3,00;109,97;1,90;8,07;8,07%;3,05%
EDO0836;32;2029-04-03;wykup przedterminowy;4,50%;tak;0,00;13,39;3,00;110,39;1,98;8,41;8,41%;3,07%
EDO0836;33;2029-05-03;wykup przedterminowy;4,50%;tak;0,00;13,80;3,00;110,80;2,06;8,74;8,74%;3,09%
EDO0836;34;2029-06-03;wykup przedterminowy;4,50%;tak;0,00;14,22;3,00;111,22;2,14;9,08;9,08%;3,11%
EDO0836;35;2029-07-03;wykup przedterminowy;4,50%;tak;0,00;14,62;3,00;111,62;2,21;9,41;9,41%;3,13%
EDO0836;36;2029-08-03;wykup przedterminowy;4,50%;tak;0,00;15,04;3,00;112,04;2,29;9,75;9,75%;3,15%
EDO0836;37;2029-09-03;wykup przedterminowy;4,50%;tak;0,00;15,48;3,00;112,48;2,38;10,10;10,10%;3,17%
EDO0836;38;2029-10-03;wykup przedterminowy;4,50%;tak;0,00;15,91;3,00;112,91;2,46;10,45;10,45%;3,19%
EDO0836;39;2029-11-03;wykup przedterminowy;4,50%;tak;0,00;16,35;3,00;113,35;2,54;10,81;10,81%;3,20%
EDO0836;40;2029-12-03;wykup przedterminowy;4,50%;tak;0,00;16,78;3,00;113,78;2,62;11,16;11,16%;3,22%
EDO0836;41;2030-01-03;wykup przedterminowy;4,50%;tak;0,00;17,21;3,00;114,21;2,70;11,51;11,51%;3,23%
EDO0836;42;2030-02-03;wykup przedterminowy;4,50%;tak;0,00;17,65;3,00;114,65;2,79;11,86;11,86%;3,25%
EDO0836;43;2030-03-03;wykup przedterminowy;4,50%;tak;0,00;18,05;3,00;115,05;2,86;12,19;12,19%;3,26%
EDO0836;44;2030-04-03;wykup przedterminowy;4,50%;tak;0,00;18,49;3,00;115,49;2,95;12,54;12,54%;3,27%
EDO0836;45;2030-05-03;wykup przedterminowy;4,50%;tak;0,00;18,92;3,00;115,92;3,03;12,89;12,89%;3,29%
EDO0836;46;2030-06-03;wykup przedterminowy;4,50%;tak;0,00;19,36;3,00;116,36;3,11;13,25;13,25%;3,30%
EDO0836;47;2030-07-03;wykup przedterminowy;4,50%;tak;0,00;19,78;3,00;116,78;3,19;13,59;13,59%;3,31%
EDO0836;48;2030-08-03;wykup przedterminowy;4,50%;tak;0,00;20,22;3,00;117,22;3,28;13,94;13,94%;3,31%
EDO0836;49;2030-09-03;wykup przedterminowy;4,50%;tak;0,00;20,68;3,00;117,68;3,36;14,32;14,32%;3,33%
EDO0836;50;2030-10-03;wykup przedterminowy;4,50%;tak;0,00;21,13;3,00;118,13;3,45;14,68;14,68%;3,34%
EDO0836;51;2030-11-03;wykup przedterminowy;4,50%;tak;0,00;21,59;3,00;118,59;3,54;15,05;15,05%;3,35%
EDO0836;52;2030-12-03;wykup przedterminowy;4,50%;tak;0,00;22,03;3,00;119,03;3,62;15,41;15,41%;3,36%
EDO0836;53;2031-01-03;wykup przedterminowy;4,50%;tak;0,00;22,49;3,00;119,49;3,71;15,78;15,78%;3,37%
EDO0836;54;2031-02-03;wykup przedterminowy;4,50%;tak;0,00;22,95;3,00;119,95;3,80;16,15;16,15%;3,38%
EDO0836;55;2031-03-03;wykup przedterminowy;4,50%;tak;0,00;23,36;3,00;120,36;3,87;16,49;16,49%;3,39%
EDO0836;56;2031-04-03;wykup przedterminowy;4,50%;tak;0,00;23,82;3,00;120,82;3,96;16,86;16,86%;3,39%
EDO0836;57;2031-05-03;wykup przedterminowy;4,50%;tak;0,00;24,27;3,00;121,27;4,05;17,22;17,22%;3,40%
EDO0836;58;2031-06-03;wykup przedterminowy;4,50%;tak;0,00;24,73;3,00;121,73;4,13;17,60;17,60%;3,41%
EDO0836;59;2031-07-03;wykup przedterminowy;4,50%;tak;0,00;25,17;3,00;122,17;4,22;17,95;17,95%;3,41%
EDO0836;60;2031-08-03;wykup przedterminowy;4,50%;tak;0,00;25,63;3,00;122,63;4,30;18,33;18,33%;3,42%
EDO0836;61;2031-09-03;wykup przedterminowy;4,50%;tak;0,00;26,11;3,00;123,11;4,40;18,71;18,71%;3,43%
EDO0836;62;2031-10-03;wykup przedterminowy;4,50%;tak;0,00;26,57;3,00;123,57;4,48;19,09;19,09%;3,44%
EDO0836;63;2031-11-03;wykup przedterminowy;4,50%;tak;0,00;27,05;3,00;124,05;4,57;19,48;19,48%;3,45%
EDO0836;64;2031-12-03;wykup przedterminowy;4,50%;tak;0,00;27,52;3,00;124,52;4,66;19,86;19,86%;3,45%
EDO0836;65;2032-01-03;wykup przedterminowy;4,50%;tak;0,00;28,00;3,00;125,00;4,75;20,25;20,25%;3,46%
EDO0836;66;2032-02-03;wykup przedterminowy;4,50%;tak;0,00;28,47;3,00;125,47;4,84;20,63;20,63%;3,46%
EDO0836;67;2032-03-03;wykup przedterminowy;4,50%;tak;0,00;28,92;3,00;125,92;4,93;20,99;20,99%;3,47%
EDO0836;68;2032-04-03;wykup przedterminowy;4,50%;tak;0,00;29,40;3,00;126,40;5,02;21,38;21,38%;3,48%
EDO0836;69;2032-05-03;wykup przedterminowy;4,50%;tak;0,00;29,86;3,00;126,86;5,11;21,75;21,75%;3,48%
EDO0836;70;2032-06-03;wykup przedterminowy;4,50%;tak;0,00;30,34;3,00;127,34;5,20;22,14;22,14%;3,48%
EDO0836;71;2032-07-03;wykup przedterminowy;4,50%;tak;0,00;30,81;3,00;127,81;5,29;22,52;22,52%;3,49%
EDO0836;72;2032-08-03;wykup przedterminowy;4,50%;tak;0,00;31,29;3,00;128,29;5,38;22,91;22,91%;3,49%
EDO0836;73;2032-09-03;wykup przedterminowy;4,50%;tak;0,00;31,79;3,00;128,79;5,48;23,31;23,31%;3,50%
EDO0836;74;2032-10-03;wykup przedterminowy;4,50%;tak;0,00;32,27;3,00;129,27;5,57;23,70;23,70%;3,51%
EDO0836;75;2032-11-03;wykup przedterminowy;4,50%;tak;0,00;32,77;3,00;129,77;5,66;24,11;24,11%;3,51%
EDO0836;76;2032-12-03;wykup przedterminowy;4,50%;tak;0,00;33,26;3,00;130,26;5,75;24,51;24,51%;3,52%
EDO0836;77;2033-01-03;wykup przedterminowy;4,50%;tak;0,00;33,76;3,00;130,76;5,85;24,91;24,91%;3,52%
EDO0836;78;2033-02-03;wykup przedterminowy;4,50%;tak;0,00;34,26;3,00;131,26;5,94;25,32;25,32%;3,53%
EDO0836;79;2033-03-03;wykup przedterminowy;4,50%;tak;0,00;34,72;3,00;131,72;6,03;25,69;25,69%;3,53%
EDO0836;80;2033-04-03;wykup przedterminowy;4,50%;tak;0,00;35,22;3,00;132,22;6,13;26,09;26,09%;3,54%
EDO0836;81;2033-05-03;wykup przedterminowy;4,50%;tak;0,00;35,70;3,00;132,70;6,22;26,48;26,48%;3,54%
EDO0836;82;2033-06-03;wykup przedterminowy;4,50%;tak;0,00;36,21;3,00;133,21;6,31;26,90;26,90%;3,55%
EDO0836;83;2033-07-03;wykup przedterminowy;4,50%;tak;0,00;36,69;3,00;133,69;6,41;27,28;27,28%;3,55%
EDO0836;84;2033-08-03;wykup przedterminowy;4,50%;tak;0,00;37,19;3,00;134,19;6,50;27,69;27,69%;3,55%
EDO0836;85;2033-09-03;wykup przedterminowy;4,50%;tak;0,00;37,72;3,00;134,72;6,60;28,12;28,12%;3,56%
EDO0836;86;2033-10-03;wykup przedterminowy;4,50%;tak;0,00;38,22;3,00;135,22;6,70;28,52;28,52%;3,56%
EDO0836;87;2033-11-03;wykup przedterminowy;4,50%;tak;0,00;38,75;3,00;135,75;6,80;28,95;28,95%;3,57%
EDO0836;88;2033-12-03;wykup przedterminowy;4,50%;tak;0,00;39,26;3,00;136,26;6,89;29,37;29,37%;3,57%
EDO0836;89;2034-01-03;wykup przedterminowy;4,50%;tak;0,00;39,78;3,00;136,78;6,99;29,79;29,79%;3,57%
EDO0836;90;2034-02-03;wykup przedterminowy;4,50%;tak;0,00;40,31;3,00;137,31;7,09;30,22;30,22%;3,58%
EDO0836;91;2034-03-03;wykup przedterminowy;4,50%;tak;0,00;40,78;3,00;137,78;7,18;30,60;30,60%;3,58%
EDO0836;92;2034-04-03;wykup przedterminowy;4,50%;tak;0,00;41,30;3,00;138,30;7,28;31,02;31,02%;3,58%
EDO0836;93;2034-05-03;wykup przedterminowy;4,50%;tak;0,00;41,81;3,00;138,81;7,38;31,43;31,43%;3,59%
EDO0836;94;2034-06-03;wykup przedterminowy;4,50%;tak;0,00;42,34;3,00;139,34;7,48;31,86;31,86%;3,59%
EDO0836;95;2034-07-03;wykup przedterminowy;4,50%;tak;0,00;42,84;3,00;139,84;7,57;32,27;32,27%;3,59%
EDO0836;96;2034-08-03;wykup przedterminowy;4,50%;tak;0,00;43,37;3,00;140,37;7,68;32,69;32,69%;3,60%
EDO0836;97;2034-09-03;wykup przedterminowy;4,50%;tak;0,00;43,91;3,00;140,91;7,78;33,13;33,13%;3,60%
EDO0836;98;2034-10-03;wykup przedterminowy;4,50%;tak;0,00;44,44;3,00;141,44;7,88;33,56;33,56%;3,60%
EDO0836;99;2034-11-03;wykup przedterminowy;4,50%;tak;0,00;44,99;3,00;141,99;7,98;34,01;34,01%;3,61%
EDO0836;100;2034-12-03;wykup przedterminowy;4,50%;tak;0,00;45,52;3,00;142,52;8,08;34,44;34,44%;3,61%
EDO0836;101;2035-01-03;wykup przedterminowy;4,50%;tak;0,00;46,07;3,00;143,07;8,19;34,88;34,88%;3,62%
EDO0836;102;2035-02-03;wykup przedterminowy;4,50%;tak;0,00;46,62;3,00;143,62;8,29;35,33;35,33%;3,62%
EDO0836;103;2035-03-03;wykup przedterminowy;4,50%;tak;0,00;47,11;3,00;144,11;8,39;35,72;35,72%;3,62%
EDO0836;104;2035-04-03;wykup przedterminowy;4,50%;tak;0,00;47,66;3,00;144,66;8,49;36,17;36,17%;3,62%
EDO0836;105;2035-05-03;wykup przedterminowy;4,50%;tak;0,00;48,19;3,00;145,19;8,59;36,60;36,60%;3,63%
EDO0836;106;2035-06-03;wykup przedterminowy;4,50%;tak;0,00;48,74;3,00;145,74;8,70;37,04;37,04%;3,63%
EDO0836;107;2035-07-03;wykup przedterminowy;4,50%;tak;0,00;49,27;3,00;146,27;8,80;37,47;37,47%;3,63%
EDO0836;108;2035-08-03;wykup przedterminowy;4,50%;tak;0,00;49,82;3,00;146,82;8,90;37,92;37,92%;3,63%
EDO0836;109;2035-09-03;wykup przedterminowy;4,50%;tak;0,00;50,39;3,00;147,39;9,01;38,38;38,38%;3,64%
EDO0836;110;2035-10-03;wykup przedterminowy;4,50%;tak;0,00;50,94;3,00;147,94;9,11;38,83;38,83%;3,64%
EDO0836;111;2035-11-03;wykup przedterminowy;4,50%;tak;0,00;51,51;3,00;148,51;9,22;39,29;39,29%;3,64%
EDO0836;112;2035-12-03;wykup przedterminowy;4,50%;tak;0,00;52,07;3,00;149,07;9,33;39,74;39,74%;3,65%
EDO0836;113;2036-01-03;wykup przedterminowy;4,50%;tak;0,00;52,64;3,00;149,64;9,44;40,20;40,20%;3,65%
EDO0836;114;2036-02-03;wykup przedterminowy;4,50%;tak;0,00;53,21;3,00;150,21;9,54;40,67;40,67%;3,65%
EDO0836;115;2036-03-03;wykup przedterminowy;4,50%;tak;0,00;53,74;3,00;150,74;9,65;41,09;41,09%;3,66%
EDO0836;116;2036-04-03;wykup przedterminowy;4,50%;tak;0,00;54,31;3,00;151,31;9,75;41,56;41,56%;3,66%
EDO0836;117;2036-05-03;wykup przedterminowy;4,50%;tak;0,00;54,87;3,00;151,87;9,86;42,01;42,01%;3,66%
EDO0836;118;2036-06-03;wykup przedterminowy;4,50%;tak;0,00;55,44;3,00;152,44;9,97;42,47;42,47%;3,66%
EDO0836;119;2036-07-03;wykup przedterminowy;4,50%;tak;0,00;55,99;3,00;152,99;10,07;42,92;42,92%;3,66%
EDO0836;120;2036-08-03;wykup;4,50%;tak;0,00;56,56;0,00;156,56;10,75;45,81;45,81%;3,84%
EDO0836;121;2036-09-03;nie istnieje;;;;;;;;;;
OTS1126;1;2026-09-03;wykup przedterminowy;2,00%;nie;0,00;0,17;0,17;100,00;0,00;0,00;0,00%;0,00%
OTS1126;2;2026-10-03;wykup przedterminowy;2,00%;nie;0,00;0,33;0,33;100,00;0,00;0,00;0,00%;0,00%
OTS1126;3;2026-11-03;wykup;2,00%;nie;0,00;0,50;0,00;100,50;0,10;0,40;0,40%;1,60%
OTS1126;4;2026-12-03;nie istnieje;;;;;;;;;;
ROD0838;1;2026-09-03;wykup przedterminowy;5,60%;nie;0,00;0,48;0,48;100,00;0,00;0,00;0,00%;0,00%
ROD0838;2;2026-10-03;wykup przedterminowy;5,60%;nie;0,00;0,94;0,94;100,00;0,00;0,00;0,00%;0,00%
ROD0838;3;2026-11-03;wykup przedterminowy;5,60%;nie;0,00;1,41;1,41;100,00;0,00;0,00;0,00%;0,00%
ROD0838;4;2026-12-03;wykup przedterminowy;5,60%;nie;0,00;1,87;1,87;100,00;0,00;0,00;0,00%;0,00%
ROD0838;5;2027-01-03;wykup przedterminowy;5,60%;nie;0,00;2,35;2,35;100,00;0,00;0,00;0,00%;0,00%
ROD0838;6;2027-02-03;wykup przedterminowy;5,60%;nie;0,00;2,82;2,82;100,00;0,00;0,00;0,00%;0,00%
ROD0838;7;2027-03-03;wykup przedterminowy;5,60%;nie;0,00;3,25;3,00;100,25;0,05;0,20;0,20%;0,34%
ROD0838;8;2027-04-03;wykup przedterminowy;5,60%;nie;0,00;3,73;3,00;100,73;0,14;0,59;0,59%;0,89%
ROD0838;9;2027-05-03;wykup przedterminowy;5,60%;nie;0,00;4,19;3,00;101,19;0,23;0,96;0,96%;1,29%
ROD0838;10;2027-06-03;wykup przedterminowy;5,60%;nie;0,00;4,66;3,00;101,66;0,32;1,34;1,34%;1,61%
ROD0838;11;2027-07-03;wykup przedterminowy;5,60%;nie;0,00;5,12;3,00;102,12;0,41;1,71;1,71%;1,87%
ROD0838;12;2027-08-03;wykup przedterminowy;5,60%;nie;0,00;5,60;3,00;102,60;0,50;2,10;2,10%;2,10%
ROD0838;13;2027-09-03;wykup przedterminowy;5,00%;tak;0,00;6,05;3,00;103,05;0,58;2,47;2,47%;2,27%
ROD0838;14;2027-10-03;wykup przedterminowy;5,00%;tak;0,00;6,48;3,00;103,48;0,67;2,81;2,81%;2,40%
ROD0838;15;2027-11-03;wykup przedterminowy;5,00%;tak;0,00;6,93;3,00;103,93;0,75;3,18;3,18%;2,53%
ROD0838;16;2027-12-03;wykup przedterminowy;5,00%;tak;0,00;7,36;3,00;104,36;0,83;3,53;3,53%;2,63%
ROD0838;17;2028-01-03;wykup przedterminowy;5,00%;tak;0,00;7,81;3,00;104,81;0,92;3,89;3,89%;2,73%
ROD0838;18;2028-02-03;wykup przedterminowy;5,00%;tak;0,00;8,25;3,00;105,25;1,00;4,25;4,25%;2,81%
ROD0838;19;2028-03-03;wykup przedterminowy;5,00%;tak;0,00;8,67;3,00;105,67;1,08;4,59;4,59%;2,87%
ROD0838;20;2028-04-03;wykup przedterminowy;5,00%;tak;0,00;9,12;3,00;106,12;1,17;4,95;4,95%;2,94%
ROD0838;21;2028-05-03;wykup przedterminowy;5,00%;tak;0,00;9,55;3,00;106,55;1,25;5,30;5,30%;2,99%
ROD0838;22;2028-06-03;wykup przedterminowy;5,00%;tak;0,00;10,00;3,00;107,00;1,33;5,67;5,67%;3,05%
ROD0838;23;2028-07-03;wykup przedterminowy;5,00%;tak;0,00;10,43;3,00;107,43;1,42;6,01;6,01%;3,09%
ROD0838;24;2028-08-03;wykup przedterminowy;5,00%;tak;0,00;10,88;3,00;107,88;1,50;6,38;6,38%;3,14%
ROD0838;25;2028-09-03;wykup przedterminowy;5,00%;tak;0,00;11,35;3,00;108,35;1,59;6,76;6,76%;3,18%
ROD0838;26;2028-10-03;wykup przedterminowy;5,00%;tak;0,00;11,81;3,00;108,81;1,68;7,13;7,13%;3,23%
ROD0838;27;2028-11-03;wykup przedterminowy;5,00%;tak;0,00;12,28;3,00;109,28;1,77;7,51;7,51%;3,26%
ROD0838;28;2028-12-03;wykup przedterminowy;5,00%;tak;0,00;12,73;3,00;109,73;1,85;7,88;7,88%;3,30%
ROD0838;29;2029-01-03;wykup przedterminowy;5,00%;tak;0,00;13,20;3,00;110,20;1,94;8,26;8,26%;3,33%
ROD0838;30;2029-02-03;wykup przedterminowy;5,00%;tak;0,00;13,67;3,00;110,67;2,03;8,64;8,64%;3,36%
ROD0838;31;2029-03-03;wykup przedterminowy;5,00%;tak;0,00;14,10;3,00;111,10;2,11;8,99;8,99%;3,39%
ROD0838;32;2029-04-03;wykup przedterminowy;5,00%;tak;0,00;14,57;3,00;111,57;2,20;9,37;9,37%;3,41%
ROD0838;33;2029-05-03;wykup przedterminowy;5,00%;tak;0,00;15,03;3,00;112,03;2,29;9,74;9,74%;3,44%
ROD0838;34;2029-06-03;wykup przedterminowy;5,00%;tak;0,00;15,50;3,00;112,50;2,38;10,12;10,12%;3,46%
ROD0838;35;2029-07-03;wykup przedterminowy;5,00%;tak;0,00;15,95;3,00;112,95;2,47;10,48;10,48%;3,47%
ROD0838;36;2029-08-03;wykup przedterminowy;5,00%;tak;0,00;16,42;3,00;113,42;2,55;10,87;10,87%;3,50%
ROD0838;37;2029-09-03;wykup przedterminowy;5,00%;tak;0,00;16,92;3,00;113,92;2,65;11,27;11,27%;3,52%
ROD0838;38;2029-10-03;wykup przedterminowy;5,00%;tak;0,00;17,40;3,00;114,40;2,74;11,66;11,66%;3,54%
ROD0838;39;2029-11-03;wykup przedterminowy;5,00%;tak;0,00;17,89;3,00;114,89;2,83;12,06;12,06%;3,56%
ROD0838;40;2029-12-03;wykup przedterminowy;5,00%;tak;0,00;18,37;3,00;115,37;2,93;12,44;12,44%;3,58%
ROD0838;41;2030-01-03;wykup przedterminowy;5,00%;tak;0,00;18,86;3,00;115,86;3,02;12,84;12,84%;3,59%
ROD0838;42;2030-02-03;wykup przedterminowy;5,00%;tak;0,00;19,36;3,00;116,36;3,11;13,25;13,25%;3,61%
ROD0838;43;2030-03-03;wykup przedterminowy;5,00%;tak;0,00;19,81;3,00;116,81;3,20;13,61;13,61%;3,62%
ROD0838;44;2030-04-03;wykup przedterminowy;5,00%;tak;0,00;20,30;3,00;117,30;3,29;14,01;14,01%;3,64%
ROD0838;45;2030-05-03;wykup przedterminowy;5,00%;tak;0,00;20,78;3,00;117,78;3,38;14,40;14,40%;3,65%
ROD0838;46;2030-06-03;wykup przedterminowy;5,00%;tak;0,00;21,27;3,00;118,27;3,48;14,79;14,79%;3,66%
ROD0838;47;2030-07-03;wykup przedterminowy;5,00%;tak;0,00;21,75;3,00;118,75;3,57;15,18;15,18%;3,67%
ROD0838;48;2030-08-03;wykup przedterminowy;5,00%;tak;0,00;22,25;3,00;119,25;3,66;15,59;15,59%;3,69%
ROD0838;49;2030-09-03;wykup przedterminowy;5,00%;tak;0,00;22,76;3,00;119,76;3,76;16,00;16,00%;3,70%
ROD0838;50;2030-10-03;wykup przedterminowy;5,00%;tak;0,00;23,27;3,00;120,27;3,86;16,41;16,41%;3,71%
ROD0838;51;2030-11-03;wykup przedterminowy;5,00%;tak;0,00;23,79;3,00;120,79;3,96;16,83;16,83%;3,72%
ROD0838;52;2030-12-03;wykup przedterminowy;5,00%;tak;0,00;24,29;3,00;121,29;4,05;17,24;17,24%;3,74%
ROD0838;53;2031-01-03;wykup przedterminowy;5,00%;tak;0,00;24,81;3,00;121,81;4,15;17,66;17,66%;3,75%
ROD0838;54;2031-02-03;wykup przedterminowy;5,00%;tak;0,00;25,33;3,00;122,33;4,25;18,08;18,08%;3,76%
ROD0838;55;2031-03-03;wykup przedterminowy;5,00%;tak;0,00;25,80;3,00;122,80;4,34;18,46;18,46%;3,77%
ROD0838;56;2031-04-03;wykup przedterminowy;5,00%;tak;0,00;26,31;3,00;123,31;4,43;18,88;18,88%;3,77%
ROD0838;57;2031-05-03;wykup przedterminowy;5,00%;tak;0,00;26,82;3,00;123,82;4,53;19,29;19,29%;3,78%
ROD0838;58;2031-06-03;wykup przedterminowy;5,00%;tak;0,00;27,34;3,00;124,34;4,63;19,71;19,71%;3,79%
ROD0838;59;2031-07-03;wykup przedterminowy;5,00%;tak;0,00;27,84;3,00;124,84;4,72;20,12;20,12%;3,80%
ROD0838;60;2031-08-03;wykup przedterminowy;5,00%;tak;0,00;28,36;3,00;125,36;4,82;20,54;20,54%;3,80%
ROD0838;61;2031-09-03;wykup przedterminowy;5,00%;tak;0,00;28,90;3,00;125,90;4,93;20,97;20,97%;3,81%
ROD0838;62;2031-10-03;wykup przedterminowy;5,00%;tak;0,00;29,43;3,00;126,43;5,03;21,40;21,40%;3,82%
ROD0838;63;2031-11-03;wykup przedterminowy;5,00%;tak;0,00;29,97;3,00;126,97;5,13;21,84;21,84%;3,83%
ROD0838;64;2031-12-03;wykup przedterminowy;5,00%;tak;0,00;30,50;3,00;127,50;5,23;22,27;22,27%;3,84%
ROD0838;65;2032-01-03;wykup przedterminowy;5,00%;tak;0,00;31,04;3,00;128,04;5,33;22,71;22,71%;3,85%
ROD0838;66;2032-02-03;wykup przedterminowy;5,00%;tak;0,00;31,58;3,00;128,58;5,44;23,14;23,14%;3,85%
ROD0838;67;2032-03-03;wykup przedterminowy;5,00%;tak;0,00;32,09;3,00;129,09;5,53;23,56;23,56%;3,86%
ROD0838;68;2032-04-03;wykup przedterminowy;5,00%;tak;0,00;32,64;3,00;129,64;5,64;24,00;24,00%;3,87%
ROD0838;69;2032-05-03;wykup przedterminowy;5,00%;tak;0,00;33,16;3,00;130,16;5,74;24,42;24,42%;3,87%
ROD0838;70;2032-06-03;wykup przedterminowy;5,00%;tak;0,00;33,71;3,00;130,71;5,84;24,87;24,87%;3,88%
ROD0838;71;2032-07-03;wykup przedterminowy;5,00%;tak;0,00;34,23;3,00;131,23;5,94;25,29;25,29%;3,88%
ROD0838;72;2032-08-03;wykup przedterminowy;5,00%;tak;0,00;34,78;3,00;131,78;6,04;25,74;25,74%;3,89%
ROD0838;73;2032-09-03;wykup przedterminowy;5,00%;tak;0,00;35,35;3,00;132,35;6,15;26,20;26,20%;3,89%
ROD0838;74;2032-10-03;wykup przedterminowy;5,00%;tak;0,00;35,90;3,00;132,90;6,26;26,64;26,64%;3,90%
ROD0838;75;2032-11-03;wykup przedterminowy;5,00%;tak;0,00;36,47;3,00;133,47;6,36;27,11;27,11%;3,91%
ROD0838;76;2032-12-03;wykup przedterminowy;5,00%;tak;0,00;37,03;3,00;134,03;6,47;27,56;27,56%;3,91%
ROD0838;77;2033-01-03;wykup przedterminowy;5,00%;tak;0,00;37,60;3,00;134,60;6,58;28,02;28,02%;3,92%
ROD0838;78;2033-02-03;wykup przedterminowy;5,00%;tak;0,00;38,17;3,00;135,17;6,69;28,48;28,48%;3,92%
ROD0838;79;2033-03-03;wykup przedterminowy;5,00%;tak;0,00;38,69;3,00;135,69;6,79;28,90;28,90%;3,93%
ROD0838;80;2033-04-03;wykup przedterminowy;5,00%;tak;0,00;39,26;3,00;136,26;6,89;29,37;29,37%;3,94%
ROD0838;81;2033-05-03;wykup przedterminowy;5,00%;tak;0,00;39,82;3,00;136,82;7,00;29,82;29,82%;3,94%
ROD0838;82;2033-06-03;wykup przedterminowy;5,00%;tak;0,00;40,39;3,00;137,39;7,11;30,28;30,28%;3,94%
ROD0838;83;2033-07-03;wykup przedterminowy;5,00%;tak;0,00;40,94;3,00;137,94;7,21;30,73;30,73%;3,95%
ROD0838;84;2033-08-03;wykup przedterminowy;5,00%;tak;0,00;41,51;3,00;138,51;7,32;31,19;31,19%;3,95%
ROD0838;85;2033-09-03;wykup przedterminowy;5,00%;tak;0,00;42,12;3,00;139,12;7,44;31,68;31,68%;3,96%
ROD0838;86;2033-10-03;wykup przedterminowy;5,00%;tak;0,00;42,70;3,00;139,70;7,55;32,15;32,15%;3,96%
ROD0838;87;2033-11-03;wykup przedterminowy;5,00%;tak;0,00;43,30;3,00;140,30;7,66;32,64;32,64%;3,97%
ROD0838;88;2033-12-03;wykup przedterminowy;5,00%;tak;0,00;43,88;3,00;140,88;7,77;33,11;33,11%;3,97%
ROD0838;89;2034-01-03;wykup przedterminowy;5,00%;tak;0,00;44,48;3,00;141,48;7,89;33,59;33,59%;3,98%
ROD0838;90;2034-02-03;wykup przedterminowy;5,00%;tak;0,00;45,08;3,00;142,08;8,00;34,08;34,08%;3,98%
ROD0838;91;2034-03-03;wykup przedterminowy;5,00%;tak;0,00;45,62;3,00;142,62;8,10;34,52;34,52%;3,99%
ROD0838;92;2034-04-03;wykup przedterminowy;5,00%;tak;0,00;46,22;3,00;143,22;8,22;35,00;35,00%;3,99%
ROD0838;93;2034-05-03;wykup przedterminowy;5,00%;tak;0,00;46,81;3,00;143,81;8,33;35,48;35,48%;3,99%
ROD0838;94;2034-06-03;wykup przedterminowy;5,00%;tak;0,00;47,41;3,00;144,41;8,44;35,97;35,97%;4,00%
ROD0838;95;2034-07-03;wykup przedterminowy;5,00%;tak;0,00;47,99;3,00;144,99;8,55;36,44;36,44%;4,00%
ROD0838;96;2034-08-03;wykup przedterminowy;5,00%;tak;0,00;48,59;3,00;145,59;8,67;36,92;36,92%;4,00%
ROD0838;97;2034-09-03;wykup przedterminowy;5,00%;tak;0,00;49,22;3,00;146,22;8,79;37,43;37,43%;4,01%
ROD0838;98;2034-10-03;wykup przedterminowy;5,00%;tak;0,00;49,83;3,00;146,83;8,90;37,93;37,93%;4,01%
ROD0838;99;2034-11-03;wykup przedterminowy;5,00%;tak;0,00;50,46;3,00;147,46;9,02;38,44;38,44%;4,02%
ROD0838;100;2034-12-03;wykup przedterminowy;5,00%;tak;0,00;51,07;3,00;148,07;9,14;38,93;38,93%;4,02%
ROD0838;101;2035-01-03;wykup przedterminowy;5,00%;tak;0,00;51,70;3,00;148,70;9,26;39,44;39,44%;4,03%
ROD0838;102;2035-02-03;wykup przedterminowy;5,00%;tak;0,00;52,34;3,00;149,34;9,38;39,96;39,96%;4,03%
ROD0838;103;2035-03-03;wykup przedterminowy;5,00%;tak;0,00;52,91;3,00;149,91;9,49;40,42;40,42%;4,03%
ROD0838;104;2035-04-03;wykup przedterminowy;5,00%;tak;0,00;53,54;3,00;150,54;9,61;40,93;40,93%;4,04%
ROD0838;105;2035-05-03;wykup przedterminowy;5,00%;tak;0,00;54,15;3,00;151,15;9,72;41,43;41,43%;4,04%
ROD0838;106;2035-06-03;wykup przedterminowy;5,00%;tak;0,00;54,78;3,00;151,78;9,84;41,94;41,94%;4,04%
ROD0838;107;2035-07-03;wykup przedterminowy;5,00%;tak;0,00;55,39;3,00;152,39;9,96;42,43;42,43%;4,04%
ROD0838;108;2035-08-03;wykup przedterminowy;5,00%;tak;0,00;56,02;3,00;153,02;10,08;42,94;42,94%;4,05%
ROD0838;109;2035-09-03;wykup przedterminowy;5,00%;tak;0,00;56,68;3,00;153,68;10,20;43,48;43,48%;4,05%
ROD0838;110;2035-10-03;wykup przedterminowy;5,00%;tak;0,00;57,32;3,00;154,32;10,33;43,99;43,99%;4,05%
ROD0838;111;2035-11-03;wykup przedterminowy;5,00%;tak;0,00;57,98;3,00;154,98;10,45;44,53;44,53%;4,06%
ROD0838;112;2035-12-03;wykup przedterminowy;5,00%;tak;0,00;58,62;3,00;155,62;10,57;45,05;45,05%;4,06%
ROD0838;113;2036-01-03;wykup przedterminowy;5,00%;tak;0,00;59,28;3,00;156,28;10,70;45,58;45,58%;4,07%
ROD0838;114;2036-02-03;wykup przedterminowy;5,00%;tak;0,00;59,94;3,00;156,94;10,82;46,12;46,12%;4,07%
ROD0838;115;2036-03-03;wykup przedterminowy;5,00%;tak;0,00;60,56;3,00;157,56;10,94;46,62;46,62%;4,07%
ROD0838;116;2036-04-03;wykup przedterminowy;5,00%;tak;0,00;61,22;3,00;158,22;11,07;47,15;47,15%;4,07%
ROD0838;117;2036-05-03;wykup przedterminowy;5,00%;tak;0,00;61,86;3,00;158,86;11,19;47,67;47,67%;4,08%
ROD0838;118;2036-06-03;wykup przedterminowy;5,00%;tak;0,00;62,52;3,00;159,52;11,31;48,21;48,21%;4,08%
ROD0838;119;2036-07-03;wykup przedterminowy;5,00%;tak;0,00;63,16;3,00;160,16;11,44;48,72;48,72%;4,08%
ROD0838;120;2036-08-03;wykup przedterminowy;5,00%;tak;0,00;63,82;3,00;160,82;11,56;49,26;49,26%;4,08%
ROD0838;121;2036-09-03;wykup przedterminowy;5,00%;tak;0,00;64,52;3,00;161,52;11,69;49,83;49,83%;4,09%
ROD0838;122;2036-10-03;wykup przedterminowy;5,00%;tak;0,00;65,19;3,00;162,19;11,82;50,37;50,37%;4,09%
ROD0838;123;2036-11-03;wykup przedterminowy;5,00%;tak;0,00;65,88;3,00;162,88;11,95;50,93;50,93%;4,09%
ROD0838;124;2036-12-03;wykup przedterminowy;5,00%;tak;0,00;66,56;3,00;163,56;12,08;51,48;51,48%;4,10%
ROD0838;125;2037-01-03;wykup przedterminowy;5,00%;tak;0,00;67,25;3,00;164,25;12,21;52,04;52,04%;4,10%
ROD0838;126;2037-02-03;wykup przedterminowy;5,00%;tak;0,00;67,95;3,00;164,95;12,35;52,60;52,60%;4,10%
ROD0838;127;2037-03-03;wykup przedterminowy;5,00%;tak;0,00;68,58;3,00;165,58;12,47;53,11;53,11%;4,10%
ROD0838;128;2037-04-03;wykup przedterminowy;5,00%;tak;0,00;69,27;3,00;166,27;12,60;53,67;53,67%;4,11%
ROD0838;129;2037-05-03;wykup przedterminowy;5,00%;tak;0,00;69,95;3,00;166,95;12,73;54,22;54,22%;4,11%
ROD0838;130;2037-06-03;wykup przedterminowy;5,00%;tak;0,00;70,64;3,00;167,64;12,86;54,78;54,78%;4,11%
ROD0838;131;2037-07-03;wykup przedterminowy;5,00%;tak;0,00;71,32;3,00;168,32;12,99;55,33;55,33%;4,11%
ROD0838;132;2037-08-03;wykup przedterminowy;5,00%;tak;0,00;72,01;3,00;169,01;13,12;55,89;55,89%;4,12%
ROD0838;133;2037-09-03;wykup przedterminowy;5,00%;tak;0,00;72,74;3,00;169,74;13,26;56,48;56,48%;4,12%
ROD0838;134;2037-10-03;wykup przedterminowy;5,00%;tak;0,00;73,45;3,00;170,45;13,39;57,06;57,06%;4,12%
ROD0838;135;2037-11-03;wykup przedterminowy;5,00%;tak;0,00;74,18;3,00;171,18;13,53;57,65;57,65%;4,13%
ROD0838;136;2037-12-03;wykup przedterminowy;5,00%;tak;0,00;74,89;3,00;171,89;13,66;58,23;58,23%;4,13%
ROD0838;137;2038-01-03;wykup przedterminowy;5,00%;tak;0,00;75,62;3,00;172,62;13,80;58,82;58,82%;4,13%
ROD0838;138;2038-02-03;wykup przedterminowy;5,00%;tak;0,00;76,35;3,00;173,35;13,94;59,41;59,41%;4,13%
ROD0838;139;2038-03-03;wykup przedterminowy;5,00%;tak;0,00;77,01;3,00;174,01;14,07;59,94;59,94%;4,14%
ROD0838;140;2038-04-03;wykup przedterminowy;5,00%;tak;0,00;77,74;3,00;174,74;14,21;60,53;60,53%;4,14%
ROD0838;141;2038-05-03;wykup przedterminowy;5,00%;tak;0,00;78,44;3,00;175,44;14,34;61,10;61,10%;4,14%
ROD0838;142;2038-06-03;wykup przedterminowy;5,00%;tak;0,00;79,17;3,00;176,17;14,48;61,69;61,69%;4,14%
ROD0838;143;2038-07-03;wykup przedterminowy;5,00%;tak;0,00;79,88;3,00;176,88;14,61;62,27;62,27%;4,14%
ROD0838;144;2038-08-03;wykup;5,00%;tak;0,00;80,61;0,00;180,61;15,32;65,29;65,29%;4,27%
ROD0838;145;2038-09-03;nie istnieje;;;;;;;;;;
ROR0827;1;2026-09-03;wykup przedterminowy;4,00%;nie;0,00;0,33;0,33;100,00;0,00;0,00;0,00%;0,00%
ROR0827;2;2026-10-03;wykup przedterminowy;3,75%;nie;0,33;0,31;0,50;100,14;0,07;0,07;0,07%;0,42%
ROR0827;3;2026-11-03;wykup przedterminowy;3,75%;tak;0,64;0,31;0,50;100,45;0,13;0,32;0,32%;1,28%
ROR0827;4;2026-12-03;wykup przedterminowy;3,75%;tak;0,95;0,31;0,50;100,76;0,19;0,57;0,57%;1,72%
ROR0827;5;2027-01-03;wykup przedterminowy;3,75%;tak;1,26;0,31;0,50;101,07;0,25;0,82;0,82%;1,98%
ROR0827;6;2027-02-03;wykup przedterminowy;3,75%;tak;1,57;0,31;0,50;101,38;0,31;1,07;1,07%;2,15%
ROR0827;7;2027-03-03;wykup przedterminowy;3,75%;tak;1,88;0,31;0,50;101,69;0,37;1,32;1,32%;2,30%
ROR0827;8;2027-04-03;wykup przedterminowy;3,75%;tak;2,19;0,31;0,50;102,00;0,43;1,57;1,57%;2,39%
ROR0827;9;2027-05-03;wykup przedterminowy;3,75%;tak;2,50;0,31;0,50;102,31;0,49;1,82;1,82%;2,47%
ROR0827;10;2027-06-03;wykup przedterminowy;3,75%;tak;2,81;0,31;0,50;102,62;0,55;2,07;2,07%;2,52%
ROR0827;11;2027-07-03;wykup przedterminowy;3,75%;tak;3,12;0,31;0,50;102,93;0,61;2,32;2,32%;2,57%
ROR0827;12;2027-08-03;wykup;3,75%;tak;3,43;0,31;0,00;103,74;0,73;3,01;3,01%;3,05%
ROR0827;13;2027-09-03;nie istnieje;;;;;;;;;;
ROS0832;1;2026-09-03;wykup przedterminowy;5,00%;nie;0,00;0,42;0,42;100,00;0,00;0,00;0,00%;0,00%
ROS0832;2;2026-10-03;wykup przedterminowy;5,00%;nie;0,00;0,84;0,84;100,00;0,00;0,00;0,00%;0,00%
ROS0832;3;2026-11-03;wykup przedterminowy;5,00%;nie;0,00;1,26;1,26;100,00;0,00;0,00;0,00%;0,00%
ROS0832;4;2026-12-03;wykup przedterminowy;5,00%;nie;0,00;1,67;1,67;100,00;0,00;0,00;0,00%;0,00%
ROS0832;5;2027-01-03;wykup przedterminowy;5,00%;nie;0,00;2,10;2,00;100,10;0,02;0,08;0,08%;0,19%
ROS0832;6;2027-02-03;wykup przedterminowy;5,00%;nie;0,00;2,52;2,00;100,52;0,10;0,42;0,42%;0,83%
ROS0832;7;2027-03-03;wykup przedterminowy;5,00%;nie;0,00;2,90;2,00;100,90;0,18;0,72;0,72%;1,24%
ROS0832;8;2027-04-03;wykup przedterminowy;5,00%;nie;0,00;3,33;2,00;101,33;0,26;1,07;1,07%;1,61%
ROS0832;9;2027-05-03;wykup przedterminowy;5,00%;nie;0,00;3,74;2,00;101,74;0,34;1,40;1,40%;1,88%
ROS0832;10;2027-06-03;wykup przedterminowy;5,00%;nie;0,00;4,16;2,00;102,16;0,42;1,74;1,74%;2,09%
ROS0832;11;2027-07-03;wykup przedterminowy;5,00%;nie;0,00;4,58;2,00;102,58;0,50;2,08;2,08%;2,28%
ROS0832;12;2027-08-03;wykup przedterminowy;5,00%;nie;0,00;5,00;2,00;103,00;0,57;2,43;2,43%;2,43%
ROS0832;13;2027-09-03;wykup przedterminowy;4,50%;tak;0,00;5,40;2,00;103,40;0,65;2,75;2,75%;2,53%
ROS0832;14;2027-10-03;wykup przedterminowy;4,50%;tak;0,00;5,79;2,00;103,79;0,73;3,06;3,06%;2,62%
ROS0832;15;2027-11-03;wykup przedterminowy;4,50%;tak;0,00;6,19;2,00;104,19;0,80;3,39;3,39%;2,70%
ROS0832;16;2027-12-03;wykup przedterminowy;4,50%;tak;0,00;6,58;2,00;104,58;0,88;3,70;3,70%;2,76%
ROS0832;17;2028-01-03;wykup przedterminowy;4,50%;tak;0,00;6,98;2,00;104,98;0,95;4,03;4,03%;2,82%
ROS0832;18;2028-02-03;wykup przedterminowy;4,50%;tak;0,00;7,38;2,00;105,38;1,03;4,35;4,35%;2,87%
ROS0832;19;2028-03-03;wykup przedterminowy;4,50%;tak;0,00;7,75;2,00;105,75;1,10;4,65;4,65%;2,91%
ROS0832;20;2028-04-03;wykup przedterminowy;4,50%;tak;0,00;8,15;2,00;106,15;1,17;4,98;4,98%;2,96%
ROS0832;21;2028-05-03;wykup przedterminowy;4,50%;tak;0,00;8,54;2,00;106,54;1,25;5,29;5,29%;2,99%
ROS0832;22;2028-06-03;wykup przedterminowy;4,50%;tak;0,00;8,94;2,00;106,94;1,32;5,62;5,62%;3,02%
ROS0832;23;2028-07-03;wykup przedterminowy;4,50%;tak;0,00;9,32;2,00;107,32;1,40;5,92;5,92%;3,04%
ROS0832;24;2028-08-03;wykup przedterminowy;4,50%;tak;0,00;9,73;2,00;107,73;1,47;6,26;6,26%;3,08%
ROS0832;25;2028-09-03;wykup przedterminowy;4,50%;tak;0,00;10,14;2,00;108,14;1,55;6,59;6,59%;3,10%
ROS0832;26;2028-10-03;wykup przedterminowy;4,50%;tak;0,00;10,55;2,00;108,55;1,63;6,92;6,92%;3,13%
ROS0832;27;2028-11-03;wykup przedterminowy;4,50%;tak;0,00;10,97;2,00;108,97;1,71;7,26;7,26%;3,16%
ROS0832;28;2028-12-03;wykup przedterminowy;4,50%;tak;0,00;11,38;2,00;109,38;1,79;7,59;7,59%;3,18%
ROS0832;29;2029-01-03;wykup przedterminowy;4,50%;tak;0,00;11,79;2,00;109,79;1,87;7,92;7,92%;3,20%
ROS0832;30;2029-02-03;wykup przedterminowy;4,50%;tak;0,00;12,21;2,00;110,21;1,94;8,27;8,27%;3,22%
ROS0832;31;2029-03-03;wykup przedterminowy;4,50%;tak;0,00;12,59;2,00;110,59;2,02;8,57;8,57%;3,23%
ROS0832;32;2029-04-03;wykup przedterminowy;4,50%;tak;0,00;13,01;2,00;111,01;2,10;8,91;8,91%;3,25%
ROS0832;33;2029-05-03;wykup przedterminowy;4,50%;tak;0,00;13,42;2,00;111,42;2,17;9,25;9,25%;3,27%
ROS0832;34;2029-06-03;wykup przedterminowy;4,50%;tak;0,00;13,84;2,00;111,84;2,25;9,59;9,59%;3,28%
ROS0832;35;2029-07-03;wykup przedterminowy;4,50%;tak;0,00;14,24;2,00;112,24;2,33;9,91;9,91%;3,29%
ROS0832;36;2029-08-03;wykup przedterminowy;4,50%;tak;0,00;14,66;2,00;112,66;2,41;10,25;10,25%;3,30%
ROS0832;37;2029-09-03;wykup przedterminowy;4,50%;tak;0,00;15,10;2,00;113,10;2,49;10,61;10,61%;3,32%
ROS0832;38;2029-10-03;wykup przedterminowy;4,50%;tak;0,00;15,52;2,00;113,52;2,57;10,95;10,95%;3,33%
ROS0832;39;2029-11-03;wykup przedterminowy;4,50%;tak;0,00;15,96;2,00;113,96;2,66;11,30;11,30%;3,34%
ROS0832;40;2029-12-03;wykup przedterminowy;4,50%;tak;0,00;16,39;2,00;114,39;2,74;11,65;11,65%;3,36%
ROS0832;41;2030-01-03;wykup przedterminowy;4,50%;tak;0,00;16,83;2,00;114,83;2,82;12,01;12,01%;3,37%
ROS0832;42;2030-02-03;wykup przedterminowy;4,50%;tak;0,00;17,26;2,00;115,26;2,90;12,36;12,36%;3,38%
ROS0832;43;2030-03-03;wykup przedterminowy;4,50%;tak;0,00;17,66;2,00;115,66;2,98;12,68;12,68%;3,39%
ROS0832;44;2030-04-03;wykup przedterminowy;4,50%;tak;0,00;18,10;2,00;116,10;3,06;13,04;13,04%;3,40%
ROS0832;45;2030-05-03;wykup przedterminowy;4,50%;tak;0,00;18,52;2,00;116,52;3,14;13,38;13,38%;3,40%
ROS0832;46;2030-06-03;wykup przedterminowy;4,50%;tak;0,00;18,96;2,00;116,96;3,23;13,73;13,73%;3,41%
ROS0832;47;2030-07-03;wykup przedterminowy;4,50%;tak;0,00;19,38;2,00;117,38;3,31;14,07;14,07%;3,42%
ROS0832;48;2030-08-03;wykup przedterminowy;4,50%;tak;0,00;19,82;2,00;117,82;3,39;14,43;14,43%;3,42%
ROS0832;49;2030-09-03;wykup przedterminowy;4,50%;tak;0,00;20,28;2,00;118,28;3,48;14,80;14,80%;3,43%
ROS0832;50;2030-10-03;wykup przedterminowy;4,50%;tak;0,00;20,72;2,00;118,72;3,56;15,16;15,16%;3,44%
ROS0832;51;2030-11-03;wykup przedterminowy;4,50%;tak;0,00;21,18;2,00;119,18;3,65;15,53;15,53%;3,45%
ROS0832;52;2030-12-03;wykup przedterminowy;4,50%;tak;0,00;21,62;2,00;119,62;3,73;15,89;15,89%;3,46%
ROS0832;53;2031-01-03;wykup przedterminowy;4,50%;tak;0,00;22,08;2,00;120,08;3,82;16,26;16,26%;3,47%
ROS0832;54;2031-02-03;wykup przedterminowy;4,50%;tak;0,00;22,54;2,00;120,54;3,91;16,63;16,63%;3,47%
ROS0832;55;2031-03-03;wykup przedterminowy;4,50%;tak;0,00;22,95;2,00;120,95;3,99;16,96;16,96%;3,48%
ROS0832;56;2031-04-03;wykup przedterminowy;4,50%;tak;0,00;23,41;2,00;121,41;4,07;17,34;17,34%;3,48%
ROS0832;57;2031-05-03;wykup przedterminowy;4,50%;tak;0,00;23,86;2,00;121,86;4,16;17,70;17,70%;3,49%
ROS0832;58;2031-06-03;wykup przedterminowy;4,50%;tak;0,00;24,31;2,00;122,31;4,24;18,07;18,07%;3,49%
ROS0832;59;2031-07-03;wykup przedterminowy;4,50%;tak;0,00;24,76;2,00;122,76;4,33;18,43;18,43%;3,50%
ROS0832;60;2031-08-03;wykup przedterminowy;4,50%;tak;0,00;25,21;2,00;123,21;4,41;18,80;18,80%;3,50%
ROS0832;61;2031-09-03;wykup przedterminowy;4,50%;tak;0,00;25,69;2,00;123,69;4,51;19,18;19,18%;3,51%
ROS0832;62;2031-10-03;wykup przedterminowy;4,50%;tak;0,00;26,15;2,00;124,15;4,59;19,56;19,56%;3,52%
ROS0832;63;2031-11-03;wykup przedterminowy;4,50%;tak;0,00;26,63;2,00;124,63;4,68;19,95;19,95%;3,52%
ROS0832;64;2031-12-03;wykup przedterminowy;4,50%;tak;0,00;27,09;2,00;125,09;4,77;20,32;20,32%;3,53%
ROS0832;65;2032-01-03;wykup przedterminowy;4,50%;tak;0,00;27,57;2,00;125,57;4,86;20,71;20,71%;3,53%
ROS0832;66;2032-02-03;wykup przedterminowy;4,50%;tak;0,00;28,05;2,00;126,05;4,95;21,10;21,10%;3,54%
ROS0832;67;2032-03-03;wykup przedterminowy;4,50%;tak;0,00;28,49;2,00;126,49;5,04;21,45;21,45%;3,54%
ROS0832;68;2032-04-03;wykup przedterminowy;4,50%;tak;0,00;28,97;2,00;126,97;5,13;21,84;21,84%;3,54%
ROS0832;69;2032-05-03;wykup przedterminowy;4,50%;tak;0,00;29,43;2,00;127,43;5,22;22,21;22,21%;3,55%
ROS0832;70;2032-06-03;wykup przedterminowy;4,50%;tak;0,00;29,91;2,00;127,91;5,31;22,60;22,60%;3,55%
ROS0832;71;2032-07-03;wykup przedterminowy;4,50%;tak;0,00;30,37;2,00;128,37;5,40;22,97;22,97%;3,55%
ROS0832;72;2032-08-03;wykup;4,50%;tak;0,00;30,85;0,00;130,85;5,87;24,98;24,98%;3,78%
ROS0832;73;2032-09-03;nie istnieje;;;;;;;;;;
TOS0829;1;2026-09-03;wykup przedterminowy;4,40%;nie;0,00;0,37;0,37;100,00;0,00;0,00;0,00%;0,00%
TOS0829;2;2026-10-03;wykup przedterminowy;4,40%;nie;0,00;0,74;0,74;100,00;0,00;0,00;0,00%;0,00%
TOS0829;3;2026-11-03;wykup przedterminowy;4,40%;nie;0,00;1,11;1,00;100,11;0,03;0,08;0,08%;0,32%
TOS0829;4;2026-12-03;wykup przedterminowy;4,40%;nie;0,00;1,47;1,00;100,47;0,09;0,38;0,38%;1,14%
TOS0829;5;2027-01-03;wykup przedterminowy;4,40%;nie;0,00;1,84;1,00;100,84;0,16;0,68;0,68%;1,63%
TOS0829;6;2027-02-03;wykup przedterminowy;4,40%;nie;0,00;2,22;1,00;101,22;0,24;0,98;0,98%;1,95%
TOS0829;7;2027-03-03;wykup przedterminowy;4,40%;nie;0,00;2,56;1,00;101,56;0,30;1,26;1,26%;2,18%
TOS0829;8;2027-04-03;wykup przedterminowy;4,40%;nie;0,00;2,93;1,00;101,93;0,37;1,56;1,56%;2,35%
TOS0829;9;2027-05-03;wykup przedterminowy;4,40%;nie;0,00;3,29;1,00;102,29;0,44;1,85;1,85%;2,48%
TOS0829;10;2027-06-03;wykup przedterminowy;4,40%;nie;0,00;3,66;1,00;102,66;0,51;2,15;2,15%;2,59%
TOS0829;11;2027-07-03;wykup przedterminowy;4,40%;nie;0,00;4,03;1,00;103,03;0,58;2,45;2,45%;2,68%
TOS0829;12;2027-08-03;wykup przedterminowy;4,40%;nie;0,00;4,40;1,00;103,40;0,65;2,75;2,75%;2,75%
TOS0829;13;2027-09-03;wykup przedterminowy;4,40%;nie;0,00;4,79;1,00;103,79;0,73;3,06;3,06%;2,82%
TOS0829;14;2027-10-03;wykup przedterminowy;4,40%;nie;0,00;5,17;1,00;104,17;0,80;3,37;3,37%;2,88%
TOS0829;15;2027-11-03;wykup przedterminowy;4,40%;nie;0,00;5,55;1,00;104,55;0,87;3,68;3,68%;2,93%
TOS0829;16;2027-12-03;wykup przedterminowy;4,40%;nie;0,00;5,93;1,00;104,93;0,94;3,99;3,99%;2,98%
TOS0829;17;2028-01-03;wykup przedterminowy;4,40%;nie;0,00;6,32;1,00;105,32;1,02;4,30;4,30%;3,01%
TOS0829;18;2028-02-03;wykup przedterminowy;4,40%;nie;0,00;6,71;1,00;105,71;1,09;4,62;4,62%;3,05%
TOS0829;19;2028-03-03;wykup przedterminowy;4,40%;nie;0,00;7,07;1,00;106,07;1,16;4,91;4,91%;3,07%
TOS0829;20;2028-04-03;wykup przedterminowy;4,40%;nie;0,00;7,46;1,00;106,46;1,23;5,23;5,23%;3,10%
TOS0829;21;2028-05-03;wykup przedterminowy;4,40%;nie;0,00;7,84;1,00;106,84;1,30;5,54;5,54%;3,13%
TOS0829;22;2028-06-03;wykup przedterminowy;4,40%;nie;0,00;8,23;1,00;107,23;1,38;5,85;5,85%;3,15%
TOS0829;23;2028-07-03;wykup przedterminowy;4,40%;nie;0,00;8,60;1,00;107,60;1,45;6,15;6,15%;3,16%
TOS0829;24;2028-08-03;wykup przedterminowy;4,40%;nie;0,00;8,99;1,00;107,99;1,52;6,47;6,47%;3,18%
TOS0829;25;2028-09-03;wykup przedterminowy;4,40%;nie;0,00;9,40;1,00;108,40;1,60;6,80;6,80%;3,20%
TOS0829;26;2028-10-03;wykup przedterminowy;4,40%;nie;0,00;9,79;1,00;108,79;1,68;7,11;7,11%;3,22%
TOS0829;27;2028-11-03;wykup przedterminowy;4,40%;nie;0,00;10,20;1,00;109,20;1,75;7,45;7,45%;3,24%
TOS0829;28;2028-12-03;wykup przedterminowy;4,40%;nie;0,00;10,59;1,00;109,59;1,83;7,76;7,76%;3,25%
TOS0829;29;2029-01-03;wykup przedterminowy;4,40%;nie;0,00;11,00;1,00;110,00;1,90;8,10;8,10%;3,27%
TOS0829;30;2029-02-03;wykup przedterminowy;4,40%;nie;0,00;11,41;1,00;110,41;1,98;8,43;8,43%;3,28%
TOS0829;31;2029-03-03;wykup przedterminowy;4,40%;nie;0,00;11,78;1,00;110,78;2,05;8,73;8,73%;3,29%
TOS0829;32;2029-04-03;wykup przedterminowy;4,40%;nie;0,00;12,18;1,00;111,18;2,13;9,05;9,05%;3,30%
TOS0829;33;2029-05-03;wykup przedterminowy;4,40%;nie;0,00;12,58;1,00;111,58;2,21;9,37;9,37%;3,31%
TOS0829;34;2029-06-03;wykup przedterminowy;4,40%;nie;0,00;12,98;1,00;111,98;2,28;9,70;9,70%;3,32%
TOS0829;35;2029-07-03;wykup przedterminowy;4,40%;nie;0,00;13,38;1,00;112,38;2,36;10,02;10,02%;3,33%
TOS0829;36;2029-08-03;wykup;4,40%;nie;0,00;13,79;0,00;113,79;2,63;11,16;11,16%;3,59%
TOS0829;37;2029-09-03;nie istnieje;;;;;;;;;;
